{"Fid":"fU-t5ItOTEuqefGSJ5Qfig","Status":3,"AuthToken":"eyJhbGciOiJFUzI1NiIsInR5cCI6IkpXVCJ9.eyJhcHBJZCI6IjE6MTAyMzEzMzcyODg5NDphbmRyb2lkOmYyNWE2NzFmNTE5NGUxZDYxOGQ4MmYiLCJleHAiOjE3Njc3MTI0NTMsImZpZCI6ImZVLXQ1SXRPVEV1cWVmR1NKNVFmaWciLCJwcm9qZWN0TnVtYmVyIjoxMDIzMTMzNzI4ODk0fQ.AB2LPV8wRAIhAJ_WNw5sJ54Ug1pUaPf5iH42-GOp1Cb9tRYBiuviyXi0Ah8GwNFDsa8zG1jUEMOWrsQoa5px-z3EFib3Qv-wduqU","RefreshToken":"3_AS3qfwJ9VEOgzbOV7-aKNcjhprp-x--2c2h14M_kuPFeYMuhLs8-2Tg0xONGvB24kOOmZ4jSvKyDSAfabl_EZ7nDfKDXsD4mKAuGNl4bqrVTtdM","TokenCreationEpochInSecs":1767107653,"ExpiresInSecs":604800}