{"Fid":"e1yhB-COSnqlqf6aBZ7cWA","Status":3,"AuthToken":"eyJhbGciOiJFUzI1NiIsInR5cCI6IkpXVCJ9.eyJhcHBJZCI6IjE6MTAyMzEzMzcyODg5NDphbmRyb2lkOmYyNWE2NzFmNTE5NGUxZDYxOGQ4MmYiLCJleHAiOjE3NjM0MjU3NzAsImZpZCI6ImUxeWhCLUNPU25xbHFmNmFCWjdjV0EiLCJwcm9qZWN0TnVtYmVyIjoxMDIzMTMzNzI4ODk0fQ.AB2LPV8wRAIgDLPz83Vwkqwicifwl8cSPXn2SGy5eOP3roGdxPNCr7sCIH42iIj_c2gPSQq7INWdYzB37KPWcOYNbltlRrJ03qUj","RefreshToken":"3_AS3qfwIkuZrAIwVJllBErszNCLNbLzWoNscs-MN3U2_CDA7QYvHE34Ej8ir7Orr3hhc-2QWsdEkNIzfC5eZR-bVSc_XZd8bYsoKfNt2qVMpN9Q","TokenCreationEpochInSecs":1762820968,"ExpiresInSecs":604800}