<?xml version='1.0' encoding='utf-8' standalone='yes' ?>
<map>
    <string name="prev_event_name">hp_top_carousel_cta_clicked</string>
    <int name="AF_CACHE_VERSION" value="2" />
    <boolean name="didSendRevenueTriggerOnLastBackground" value="false" />
    <long name="prev_event_timestamp" value="1767107826862" />
    <int name="appsFlyerInAppEventCount" value="28" />
    <long name="prev_session_dur" value="21" />
    <boolean name="ddl_sent" value="true" />
    <long name="af_rc_max_age" value="86400" />
    <string name="sentSuccessfully">true</string>
    <int name="versionCode" value="33" />
    <string name="af_remote_config">eyJmZWF0dXJlcyI6e30sInZlciI6ImRlZmF1bHQudjEuMTYzNzE0OTUyOSJ9</string>
    <string name="savedProperties">{&quot;logLevel&quot;:&quot;0&quot;}</string>
    <string name="AF_INSTALLATION">1767107652056-8852899575862236157</string>
    <boolean name="afUninstallToken_queued" value="false" />
    <int name="appsFlyerCount" value="8" />
    <long name="af_rc_timestamp" value="1767107652584" />
    <long name="AppsFlyerTimePassedSincePrevLaunch" value="1767107824084" />
    <boolean name="newGPReferrerSent" value="true" />
    <long name="appsflyerConversionDataCacheExpiration" value="1767107662680" />
    <string name="appsFlyerFirstInstall">2025-12-30_204412+0530</string>
    <string name="attributionId">{&quot;adgroup_id&quot;:&quot;120234382007980123&quot;,&quot;retargeting_conversion_type&quot;:&quot;re-attribution&quot;,&quot;is_fb&quot;:true,&quot;is_first_launch&quot;:false,&quot;iscache&quot;:false,&quot;click_time&quot;:&quot;2025-12-29 20:25:05.000&quot;,&quot;adset&quot;:&quot;Purchase_CatalogueAds__Originals_Hindi_Video_Test__marketingteam_CategoryBillionaireCEO_BAU_181025&quot;,&quot;match_type&quot;:&quot;gp_referrer&quot;,&quot;af_channel&quot;:&quot;Instagram&quot;,&quot;is_paid&quot;:false,&quot;campaign_id&quot;:&quot;120234380392270123&quot;,&quot;install_time&quot;:&quot;2025-12-30 15:14:19.479&quot;,&quot;agency&quot;:null,&quot;media_source&quot;:&quot;Facebook Ads&quot;,&quot;af_siteid&quot;:null,&quot;af_status&quot;:&quot;Non-organic&quot;,&quot;af_sub1&quot;:null,&quot;ad_id&quot;:&quot;120234382063430123&quot;,&quot;af_sub5&quot;:null,&quot;af_sub4&quot;:null,&quot;af_sub3&quot;:null,&quot;af_sub2&quot;:null,&quot;adset_id&quot;:&quot;120234382007990123&quot;,&quot;http_referrer&quot;:null,&quot;campaign&quot;:&quot;FB_ABO_Hindi_AR_AppEvent_Purchase_CatalogueAds_IN_Cateogry_BAU_181025&quot;,&quot;is_mobile_data_terms_signed&quot;:false,&quot;adgroup&quot;:&quot;CatalogueAds__Originals_Hindi_Video_Test__marketingteam_CategoryBillionaireCEO_BAU_181025&quot;}</string>
</map>
