{"Fid":"f12SsGPeTQ6wxhxM3-cXgU","Status":3,"AuthToken":"eyJhbGciOiJFUzI1NiIsInR5cCI6IkpXVCJ9.eyJhcHBJZCI6IjE6MTAyMzEzMzcyODg5NDphbmRyb2lkOmYyNWE2NzFmNTE5NGUxZDYxOGQ4MmYiLCJleHAiOjE3NjU4NTM2MTksImZpZCI6ImYxMlNzR1BlVFE2d3hoeE0zLWNYZ1UiLCJwcm9qZWN0TnVtYmVyIjoxMDIzMTMzNzI4ODk0fQ.AB2LPV8wRQIgfKm_5vhfrsxR28c8Qc1veXFzOegQ9rOZSPecX7pwKycCIQCZqO8yvosgf_UdepmivYYD-NvZfqPyxmF55V2jLGmlGA","RefreshToken":"3_AS3qfwJPafYhpf4-yNaiaKuZlgFBh_k8BRR1ljoWYbe0KJmubbpHUV01zf6NSgCk2ogxzf4QbA1eUYI0mzuTJpdzkWpTB5-6wv52_F3pqPZXGz8","TokenCreationEpochInSecs":1765248819,"ExpiresInSecs":604800}