<?xml version='1.0' encoding='utf-8' standalone='yes' ?>
<map>
    <int name="AF_CACHE_VERSION" value="1" />
    <string name="prev_event_name">free_trial_page_viewed</string>
    <long name="prev_event_timestamp" value="1768228932572" />
    <boolean name="didSendRevenueTriggerOnLastBackground" value="false" />
    <int name="appsFlyerInAppEventCount" value="15" />
    <long name="prev_session_dur" value="40" />
    <long name="af_rc_max_age" value="86400" />
    <boolean name="ddl_sent" value="true" />
    <string name="sentSuccessfully">true</string>
    <int name="versionCode" value="5040105" />
    <string name="af_remote_config">eyJmZWF0dXJlcyI6e30sInZlciI6ImRlZmF1bHQudjEuMTYzNzE0OTUyOSJ9</string>
    <string name="savedProperties">{&quot;waitForCustomerId&quot;:&quot;false&quot;,&quot;logLevel&quot;:&quot;0&quot;,&quot;userEmails&quot;:&quot;{\&quot;plain_el_arr\&quot;:[\&quot;null\&quot;]}&quot;,&quot;AppUserId&quot;:&quot;249203221&quot;,&quot;userEmailsCryptType&quot;:&quot;0&quot;}</string>
    <string name="AF_INSTALLATION">1768228873962-8820049706414032353</string>
    <boolean name="afUninstallToken_queued" value="false" />
    <int name="appsFlyerCount" value="4" />
    <long name="af_rc_timestamp" value="1768228874264" />
    <long name="AppsFlyerTimePassedSincePrevLaunch" value="1768228900544" />
    <boolean name="newGPReferrerSent" value="true" />
    <string name="appsFlyerFirstInstall">2026-01-12_201114+0530</string>
    <string name="attributionId">{&quot;install_time&quot;:&quot;2026-01-12 14:41:16.814&quot;,&quot;agency&quot;:null,&quot;media_source&quot;:&quot;restricted&quot;,&quot;retargeting_conversion_type&quot;:&quot;re-attribution&quot;,&quot;af_siteid&quot;:null,&quot;af_status&quot;:&quot;Non-organic&quot;,&quot;is_first_launch&quot;:false,&quot;af_sub1&quot;:null,&quot;af_sub5&quot;:null,&quot;click_time&quot;:null,&quot;af_sub4&quot;:null,&quot;af_sub3&quot;:null,&quot;af_sub2&quot;:null,&quot;http_referrer&quot;:null,&quot;campaign&quot;:null,&quot;af_channel&quot;:null,&quot;campaign_id&quot;:null}</string>
</map>
