<?xml version='1.0' encoding='utf-8' standalone='yes' ?>
<map>
    <string name="core_user_identifiers">{&quot;uid&quot;:&quot;249203221&quot;}</string>
    <int name="appVersion" value="5040105" />
    <long name="last_event_sync_time" value="1768364338351" />
    <long name="inapp_last_sync_time" value="1768364330" />
    <set name="sent_activity_list">
        <string>com.vlv.aravali.premium.PremiumTabParentActivity</string>
        <string>com.vlv.aravali.payments.optimizer.ui.UpiCollectActivity</string>
        <string>com.vlv.aravali.payments.common.ui.PaymentFailedActivity</string>
        <string>in.juspay.hypernfc.NfcActivity</string>
        <string>com.moengage.pushbase.activities.PushClickDialogTracker</string>
        <string>androidx.compose.ui.tooling.PreviewActivity</string>
        <string>com.vlv.aravali.views.activities.WebViewActivity</string>
        <string>com.android.billingclient.api.ProxyBillingActivityV2</string>
        <string>com.vlv.aravali.payments.legacy.ui.activity.SubsCancellationActivity</string>
        <string>com.zomato.android.zmediakit.photos.photos.view.SelectMediaActivity</string>
        <string>com.vlv.aravali.payments.juspay.ui.JuspayPaymentActivity</string>
        <string>com.google.firebase.auth.internal.RecaptchaActivity</string>
        <string>com.vlv.aravali.settings.ui.AccountVerificationActivity</string>
        <string>com.vlv.aravali.payments.legacy.ui.activity.PauseSubscriptionActivity</string>
        <string>com.google.android.gms.ads.OutOfContextTestingActivity</string>
        <string>com.moengage.inbox.ui.view.InboxActivity</string>
        <string>com.vlv.aravali.signup.ui.activities.SignupActivity</string>
        <string>com.vlv.aravali.reelsTrailer.view.ReelsTrailerActivity</string>
        <string>com.google.android.gms.ads.AdActivity</string>
        <string>com.zomato.chatsdk.activities.WebViewActivity</string>
        <string>androidx.credentials.playservices.HiddenActivity</string>
        <string>easypay.appinvoke.AnalyticsManagerInfoDisplayActivity</string>
        <string>com.zomato.chatsdk.activities.NewTicketActivity</string>
        <string>com.zomato.android.zmediakit.photos.photos.view.SelectAlbumActivity</string>
        <string>com.facebook.FacebookActivity</string>
        <string>com.zomato.chatsdk.activities.ChatSDKMainActivity</string>
        <string>com.razorpay.DeeplinkActivity</string>
        <string>com.moe.pushlibrary.activities.MoEActivity</string>
        <string>com.vlv.aravali.splash.ui.SplashActivity</string>
        <string>com.google.firebase.auth.internal.GenericIdpActivity</string>
        <string>com.facebook.CustomTabMainActivity</string>
        <string>com.moengage.sdk.debugger.MoEDebuggerActivity</string>
        <string>com.google.android.play.core.common.PlayCoreDialogWrapperActivity</string>
        <string>com.vlv.aravali.views.activities.ExpandedImageActivity</string>
        <string>com.moengage.hms.pushkit.PushClickTracker</string>
        <string>com.google.android.gms.ads.NotificationHandlerActivity</string>
        <string>com.zomato.chatsdk.activities.CallbackActivity</string>
        <string>com.vlv.aravali.payments.legacy.ui.activity.LegacyPaymentActivity</string>
        <string>com.vlv.aravali.payments.optimizer.ui.PaymentActivity</string>
        <string>com.zomato.chatsdk.activities.ExpandedImageActivity</string>
        <string>com.google.android.gms.common.api.GoogleApiActivity</string>
        <string>com.zomato.android.zmediakit.photos.photos.view.CameraActivity</string>
        <string>com.zomato.chatsdk.activities.ChatSDKDeepLinkRouter</string>
        <string>com.google.android.gms.auth.api.signin.internal.SignInHubActivity</string>
        <string>com.moengage.cards.ui.CardActivity</string>
        <string>com.moengage.pushbase.internal.activity.PermissionActivity</string>
        <string>com.pairip.licensecheck.LicenseActivity</string>
        <string>com.paytm.pgsdk.PaytmPGActivity</string>
        <string>com.zomato.chatsdk.activities.ChatSdkShareLocationActivity</string>
        <string>in.juspay.hypersdk.core.CustomtabResult</string>
        <string>com.vlv.aravali.lookback.ui.LookBackActivity</string>
        <string>com.canhub.cropper.CropImageActivity</string>
        <string>com.facebook.CustomTabActivity</string>
        <string>com.zomato.chatsdk.activities.FeedbackActivity</string>
        <string>com.moengage.pushbase.activities.PushTracker</string>
        <string>com.android.billingclient.api.ProxyBillingActivity</string>
        <string>com.paytm.pgsdk.AioMatchUserActivity</string>
        <string>com.zomato.chatsdk.activities.MediaShowcaseActivity</string>
        <string>androidx.core.google.shortcuts.TrampolineActivity</string>
        <string>com.zomato.chatsdk.activities.ChatGenericListingActivity</string>
        <string>com.moengage.inapp.internal.activity.MoEInAppActivity</string>
        <string>com.vlv.aravali.master.ui.MasterActivity</string>
        <string>com.zomato.android.zmediakit.mediapicker.view.V2SelectMediaActivity</string>
        <string>in.juspay.hypersdk.core.CustomtabActivity</string>
    </set>
    <string name="registration_id">cjOBZlY4QcGKux5GtakmEX:APA91bFTmWWmNhtu4BW74XyEzbNVfgVcRbUyQwWIERCaX1tiX1UDwDApYLPcBRgGb0B_cxQj4eW4B1DuNEUJrBfJvT1J64MJdG9PVIdWlpEn0mUWTprcuzo</string>
    <boolean name="pref_installed" value="true" />
    <boolean name="is_device_registered" value="true" />
    <long name="last_config_sync_time" value="1768364102182" />
    <long name="notification_permission_tracked_time" value="1768364101762" />
    <int name="core_usage_meta_data_sync_version" value="5060300" />
    <long name="events_batch_number" value="13" />
    <long name="inapp_api_sync_delay" value="900" />
    <long name="inapp_html_assets_delete_time" value="1768364101" />
    <boolean name="has_registered_for_verification" value="false" />
    <long name="in_app_global_delay" value="900" />
    <string name="user_attribute_unique_id">249203221</string>
    <string name="user_session">{&quot;session_id&quot;:&quot;159da9b0-7d98-46dc-97fe-4faee1489385&quot;,&quot;start_time&quot;:&quot;2026-01-14T04:15:01.215Z&quot;,&quot;last_interaction_time&quot;:1768364335091}</string>
    <int name="core_module_synced_app_version" value="5040105" />
    <string name="core_debugger_log_config">{&quot;logLevel&quot;:0,&quot;isLoggingEnabled&quot;:false,&quot;expiryTime&quot;:-1}</string>
    <string name="core_device_unique_id">7dbf25bb-edda-4c8e-94b9-b61fba5067d5</string>
    <string name="core_moengage_environment">DEFAULT</string>
    <string name="APP_UUID">c768f516-fa88-469e-815e-d51f17be094b</string>
    <string name="core_feature_usage">{&quot;initialisationConfigSource&quot;:&quot;source_code&quot;}</string>
</map>
